{"cameraMode":{"drawMode":0,"name":"Shaded","section":"Shading Mode"},"sceneLighting":false,"audioPlay":false,"sceneViewState":{"m_AlwaysRefresh":false,"showFog":true,"showSkybox":true,"showFlares":true,"showImageEffects":true,"showParticleSystems":true,"showVisualEffectGraphs":true,"m_FxEnabled":true},"in2DMode":false,"pivot":{"x":-11.957963943481446,"y":2.408393383026123,"z":13.310957908630371},"rotation":{"x":0.027428103610873224,"y":0.30540335178375246,"z":-0.008800841867923737,"w":0.9517874717712402},"size":0.9828159213066101,"orthographic":false}