{"cameraMode":{"drawMode":0,"name":"Shaded","section":"Shading Mode"},"sceneLighting":true,"audioPlay":false,"sceneViewState":{"m_AlwaysRefresh":true,"showFog":true,"showSkybox":true,"showFlares":true,"showImageEffects":true,"showParticleSystems":true,"showVisualEffectGraphs":true,"m_FxEnabled":true},"in2DMode":false,"pivot":{"x":-2.849313259124756,"y":3.5181963443756105,"z":6.106781959533691},"rotation":{"x":0.09080428630113602,"y":0.07521183788776398,"z":0.006877291947603226,"w":-0.9930025339126587},"size":5.649991035461426,"orthographic":false}