{"cameraMode":{"drawMode":0,"name":"Shaded","section":"Shading Mode"},"sceneLighting":true,"audioPlay":false,"sceneViewState":{"m_AlwaysRefresh":false,"showFog":true,"showSkybox":true,"showFlares":true,"showImageEffects":true,"showParticleSystems":true,"showVisualEffectGraphs":true,"m_FxEnabled":true},"in2DMode":false,"pivot":{"x":-31.053403854370118,"y":1.2564492225646973,"z":-0.49694645404815676},"rotation":{"x":-0.05271491780877113,"y":0.051503244787454608,"z":-0.0027221934869885446,"w":-0.9972782731056213},"size":0.5926049947738648,"orthographic":false}