{"cameraMode":{"drawMode":0,"name":"Shaded","section":"Shading Mode"},"sceneLighting":true,"audioPlay":false,"sceneViewState":{"m_AlwaysRefresh":false,"showFog":true,"showSkybox":true,"showFlares":true,"showImageEffects":true,"showParticleSystems":true,"showVisualEffectGraphs":true,"m_FxEnabled":true},"in2DMode":false,"pivot":{"x":-2.7020068168640138,"y":0.22739744186401368,"z":9.745075225830079},"rotation":{"x":-0.1474292278289795,"y":0.6028001308441162,"z":-0.11456162482500076,"w":-0.7757420539855957},"size":3.5329318046569826,"orthographic":false}