{"cameraMode":{"drawMode":0,"name":"Shaded","section":"Shading Mode"},"sceneLighting":true,"audioPlay":false,"sceneViewState":{"m_AlwaysRefresh":false,"showFog":true,"showSkybox":true,"showFlares":true,"showImageEffects":true,"showParticleSystems":true,"showVisualEffectGraphs":true,"m_FxEnabled":true},"in2DMode":false,"pivot":{"x":-1.9358232021331788,"y":2.0877628326416017,"z":8.526619911193848},"rotation":{"x":-0.02578153647482395,"y":0.04406845569610596,"z":-0.0011375941103324295,"w":-0.9986957907676697},"size":5.6407670974731449,"orthographic":false}