{"cameraMode":{"drawMode":0,"name":"Shaded","section":"Shading Mode"},"sceneLighting":true,"audioPlay":false,"sceneViewState":{"m_AlwaysRefresh":false,"showFog":true,"showSkybox":true,"showFlares":true,"showImageEffects":true,"showParticleSystems":true,"showVisualEffectGraphs":true,"m_FxEnabled":true},"in2DMode":false,"pivot":{"x":-0.37482890486717226,"y":2.0689663887023927,"z":2.8848538398742677},"rotation":{"x":0.12174065411090851,"y":0.03425968438386917,"z":-0.004172096494585276,"w":0.9919936060905457},"size":2.9999825954437258,"orthographic":false}