{"cameraMode":{"drawMode":0,"name":"Shaded","section":"Shading Mode"},"sceneLighting":true,"audioPlay":false,"sceneViewState":{"m_AlwaysRefresh":false,"showFog":true,"showSkybox":true,"showFlares":true,"showImageEffects":true,"showParticleSystems":true,"showVisualEffectGraphs":true,"m_FxEnabled":true},"in2DMode":false,"pivot":{"x":45.52633285522461,"y":7.2136149406433109,"z":16.85116958618164},"rotation":{"x":-0.02045588009059429,"y":0.11715346574783325,"z":0.0024525653570890428,"w":0.9929581880569458},"size":8.422640800476075,"orthographic":false}