{"cameraMode":{"drawMode":0,"name":"Shaded","section":"Shading Mode"},"sceneLighting":true,"audioPlay":false,"sceneViewState":{"m_AlwaysRefresh":false,"showFog":true,"showSkybox":true,"showFlares":true,"showImageEffects":true,"showParticleSystems":true,"showVisualEffectGraphs":true,"m_FxEnabled":true},"in2DMode":false,"pivot":{"x":-34.40040588378906,"y":-2.4237473011016847,"z":-6.499182224273682},"rotation":{"x":0.24652518332004548,"y":-0.32232680916786196,"z":0.08735043555498123,"w":0.9098193049430847},"size":0.2660253643989563,"orthographic":false}