{"cameraMode":{"drawMode":0,"name":"Shaded","section":"Shading Mode"},"sceneLighting":true,"audioPlay":false,"sceneViewState":{"m_AlwaysRefresh":false,"showFog":true,"showSkybox":true,"showFlares":true,"showImageEffects":true,"showParticleSystems":true,"showVisualEffectGraphs":true,"m_FxEnabled":true},"in2DMode":false,"pivot":{"x":243.11538696289063,"y":-126.26695251464844,"z":47.84391784667969},"rotation":{"x":0.23353371024131776,"y":0.5413417220115662,"z":-0.15967726707458497,"w":0.7918261289596558},"size":216.27857971191407,"orthographic":false}