{"cameraMode":{"drawMode":0,"name":"Shaded","section":"Shading Mode"},"sceneLighting":true,"audioPlay":false,"sceneViewState":{"m_AlwaysRefresh":false,"showFog":true,"showSkybox":true,"showFlares":true,"showImageEffects":true,"showParticleSystems":true,"showVisualEffectGraphs":true,"m_FxEnabled":true},"in2DMode":false,"pivot":{"x":1.474395513534546,"y":0.9571619033813477,"z":0.6122204065322876},"rotation":{"x":0.24652518332004548,"y":-0.32232680916786196,"z":0.08735043555498123,"w":0.9098193049430847},"size":2.1073949337005617,"orthographic":false}