{"cameraMode":{"drawMode":0,"name":"Shaded","section":"Shading Mode"},"sceneLighting":true,"audioPlay":false,"sceneViewState":{"m_AlwaysRefresh":false,"showFog":true,"showSkybox":true,"showFlares":true,"showImageEffects":true,"showParticleSystems":true,"showVisualEffectGraphs":true,"m_FxEnabled":true},"in2DMode":false,"pivot":{"x":-1.8046226501464844,"y":1.1181870698928834,"z":3.9601125717163088},"rotation":{"x":-0.26406732201576235,"y":0.022274937480688096,"z":-0.006100231781601906,"w":-0.9642288684844971},"size":6.5540385246276859,"orthographic":false}