{"cameraMode":{"drawMode":0,"name":"Shaded","section":"Shading Mode"},"sceneLighting":false,"audioPlay":false,"sceneViewState":{"m_AlwaysRefresh":false,"showFog":true,"showSkybox":true,"showFlares":true,"showImageEffects":true,"showParticleSystems":true,"showVisualEffectGraphs":true,"m_FxEnabled":true},"in2DMode":false,"pivot":{"x":-0.7501501441001892,"y":-109.659423828125,"z":161.70057678222657},"rotation":{"x":-0.4311886131763458,"y":0.0005388084682635963,"z":-0.00025752553483471274,"w":-0.902262806892395},"size":155.02334594726563,"orthographic":false}