{"cameraMode":{"drawMode":0,"name":"Shaded","section":"Shading Mode"},"sceneLighting":true,"audioPlay":false,"sceneViewState":{"m_AlwaysRefresh":false,"showFog":true,"showSkybox":true,"showFlares":true,"showImageEffects":true,"showParticleSystems":true,"showVisualEffectGraphs":true,"m_FxEnabled":true},"in2DMode":false,"pivot":{"x":212.32614135742188,"y":-89.78177642822266,"z":182.27609252929688},"rotation":{"x":-0.25107342004776,"y":0.012193279340863228,"z":-0.0031630215235054495,"w":-0.9678855538368225},"size":130.41029357910157,"orthographic":false}