{"cameraMode":{"drawMode":0,"name":"Shaded","section":"Shading Mode"},"sceneLighting":true,"audioPlay":false,"sceneViewState":{"m_AlwaysRefresh":false,"showFog":true,"showSkybox":true,"showFlares":true,"showImageEffects":true,"showParticleSystems":true,"showVisualEffectGraphs":true,"m_FxEnabled":true},"in2DMode":false,"pivot":{"x":133.62063598632813,"y":147.21438598632813,"z":150.7454071044922},"rotation":{"x":0.045914191752672198,"y":-0.9345723986625671,"z":0.32916200160980227,"w":0.12884362041950227},"size":269.74371337890627,"orthographic":false}