{"cameraMode":{"drawMode":0,"name":"Shaded","section":"Shading Mode"},"sceneLighting":true,"audioPlay":false,"sceneViewState":{"m_AlwaysRefresh":false,"showFog":true,"showSkybox":true,"showFlares":true,"showImageEffects":true,"showParticleSystems":true,"showVisualEffectGraphs":true,"m_FxEnabled":true},"in2DMode":false,"pivot":{"x":0.8741577863693237,"y":-0.31546449661254885,"z":6.535308837890625},"rotation":{"x":-0.2529107332229614,"y":-0.061196982860565189,"z":0.016027042642235757,"w":-0.9654281735420227},"size":4.25978422164917,"orthographic":false}