{"cameraMode":{"drawMode":0,"name":"Shaded","section":"Shading Mode"},"sceneLighting":true,"audioPlay":false,"sceneViewState":{"m_AlwaysRefresh":false,"showFog":true,"showSkybox":true,"showFlares":true,"showImageEffects":true,"showParticleSystems":true,"showVisualEffectGraphs":true,"m_FxEnabled":true},"in2DMode":false,"pivot":{"x":-3.4196696281433107,"y":0.4284367561340332,"z":1.3931365013122559},"rotation":{"x":-0.12618125975131989,"y":0.6130381226539612,"z":-0.10000712424516678,"w":-0.7734766006469727},"size":14.057812690734864,"orthographic":false}