{"cameraMode":{"drawMode":0,"name":"Shaded","section":"Shading Mode"},"sceneLighting":true,"audioPlay":false,"sceneViewState":{"m_AlwaysRefresh":false,"showFog":true,"showSkybox":true,"showFlares":true,"showImageEffects":true,"showParticleSystems":true,"showVisualEffectGraphs":true,"m_FxEnabled":true},"in2DMode":false,"pivot":{"x":0.8396413326263428,"y":0.6734278202056885,"z":-5.343276500701904},"rotation":{"x":-0.030737098306417466,"y":0.9691492319107056,"z":-0.1805741786956787,"w":-0.16496364772319795},"size":1.1364998817443848,"orthographic":false}