{"cameraMode":{"drawMode":0,"name":"Shaded","section":"Shading Mode"},"sceneLighting":true,"audioPlay":false,"sceneViewState":{"m_AlwaysRefresh":false,"showFog":true,"showSkybox":true,"showFlares":true,"showImageEffects":true,"showParticleSystems":true,"showVisualEffectGraphs":true,"m_FxEnabled":true},"in2DMode":false,"pivot":{"x":-93.92402648925781,"y":2.5198709964752199,"z":55.434364318847659},"rotation":{"x":0.18812310695648194,"y":-0.15601791441440583,"z":0.03034857101738453,"w":0.9692940711975098},"size":6.739826679229736,"orthographic":false}